linkID,year,season,r_dateTime_nz,Heat Pump or Heating,Hot water,Lighting,Oven,Total,XX_Other,contribution_HW,contribution_HP,contribution_LI,contribution_OV,contribution_XX
rf_01,2014,Autumn,2014-05-13T07:00:00Z,5788.01433333333,872.267333333333,548.544333333333,5.45666666666667,9202.715,4662.362,0.0947836951740147,0.62894638520625,0.0596067935748671,0.000592940959995683,0.216070185084873
rf_01,2014,Spring,2014-09-01T05:30:00Z,4214.99966666667,1753.946,340.545666666667,605.317333333333,9146.405,5538.7615,0.191763430550036,0.460836762276181,0.037232734245495,0.0661809020411116,0.243986170887177
rf_01,2014,Summer,2014-12-13T08:00:00Z,3731.30433333333,0,446.821666666667,2021.07433333333,8256.766,4184.33133333333,0,0.451908693226056,0.0541158204879086,0.244777959473882,0.249197526812153
rf_01,2014,Winter,2014-06-20T07:00:00Z,6330.77266666667,0,738.021666666667,1296.60866666667,10413.4416666667,5309.89450000002,0,0.60794239496548,0.0708720219780042,0.124512981218985,0.196672601837531
rf_01,2015,Autumn,2015-04-21T05:30:00Z,5325.02566666667,0,525.129,1159.52866666667,10111.604,6579.019,0,0.526625218577257,0.0519333035589606,0.114673069343565,0.306768408520217
rf_01,2015,Spring,2015-09-20T07:00:00Z,6080.73566666667,1752.569,636.499,9.68433333333333,10981.5883333333,6303.57449999999,0.159591576992582,0.553720962951172,0.057960559135875,0.000881870002715153,0.227845030917656
rf_01,2015,Summer,2015-02-12T06:00:00Z,1723.105,1823.477,157.942333333333,134.643,5206.91833333333,3260.625,0.350202727076892,0.330926065993609,0.0303331689153309,0.0258584812321812,0.262679556781986
rf_01,2015,Winter,2015-08-09T06:30:00Z,7084.992,0,799.904333333333,0,10145.1566666667,6141.46033333335,0,0.698362009852318,0.0788459320654484,0,0.222792058082234
rf_02,2014,Autumn,2014-05-24T07:00:00Z,2439.50266666667,95.7166666666667,345.927666666667,,3461.679,1212.19088888889,0.0276503588769111,0.704716603320721,0.099930602076815,,
rf_02,2014,Spring,2014-11-28T06:00:00Z,752.171333333333,645.718333333334,119.650666666667,,4383.197,1503.08488888889,0.14731674924338,0.171603360134927,0.027297579065387,,
rf_02,2014,Summer,2014-12-07T08:00:00Z,767.522173913044,2147.74173913044,64.1817391304348,,3241.4747826087,1142.52115942029,0.662581659019406,0.236781781561586,0.0198001661079659,,
rf_02,2014,Winter,2014-07-26T07:30:00Z,453.763333333333,445.705333333333,253.770333333333,,3305.96166666667,1142.141,0.13481866345496,0.137256078286852,0.0767614264533213,,
rf_02,2015,Autumn,2015-04-16T07:00:00Z,1517.3352,2138.1692,351.8716,,7427.8692,2569.78026666667,0.287857680638749,0.204275971903221,0.0473718088627624,,
rf_02,2015,Summer,2015-02-26T07:30:00Z,938.843,1752.034,226.226333333333,,5777.926,2146.43155555556,0.303228874859249,0.162487889252995,0.0391535532530761,,
rf_06,2014,Spring,2014-09-17T07:00:00Z,,0,1407.37033333333,2005.43333333333,5881.82433333333,2695.91411111111,0,,0.239274458667104,0.340954305957114,
rf_06,2014,Winter,2014-06-23T06:30:00Z,,0,1209.598,3231.005,5534.26266666667,2027.63988888889,0,,0.218565339748963,0.583818512890726,
rf_06,2015,Autumn,2015-04-19T07:00:00Z,,1516.934,1382.34733333333,2344.375,5912.01833333333,1560.84811111111,0.256584792954239,,0.23381986580443,0.396543932684016,
rf_06,2015,Spring,2015-09-02T06:30:00Z,,1963.061,990.743,1217.42766666667,6674.96233333333,2356.86811111111,0.294093195132637,,0.148426755167208,0.182387196492046,
rf_06,2015,Summer,2015-02-23T07:30:00Z,,1951.30266666667,1472.75966666667,0,4135.54033333333,893.308333333334,0.471837416489148,,0.356122670306445,0,
rf_06,2015,Winter,2015-08-25T06:30:00Z,,1971.901,1231.01666666667,425.517,6352.226,2274.76244444445,0.310426770080284,,0.193792958038122,0.0669870687850212,
rf_06,2016,Autumn,2016-04-22T06:30:00Z,,1970.854,461.230666666667,2439.99066666667,5462.37733333333,1280.33355555555,0.360805173229825,,0.0844377161299489,0.446690244516247,
rf_06,2016,Spring,2016-09-02T05:30:00Z,,1985.42566666667,329.743333333333,,4921.71733333333,1746.37055555556,0.403400994449635,,0.0669976170919202,,
rf_06,2016,Summer,2016-12-11T07:00:00Z,,1868.43633333333,271.988666666667,,3855.65433333333,1085.85455555556,0.484596432097171,,0.0705428036728398,,
rf_06,2016,Winter,2016-07-23T06:00:00Z,,1967.20433333333,926.778333333333,1558.85933333333,5208.07566666667,1233.38655555555,0.377721918658759,,0.177950243554449,0.299315799751244,
rf_06,2017,Autumn,2017-05-31T07:30:00Z,,922.848666666667,285.622333333333,1219.32266666667,3143.06633333333,880.887555555557,0.293614123532657,,0.0908737847191474,0.387940481476742,
rf_06,2017,Spring,2017-09-17T05:00:00Z,,1977.775,667.605333333334,,4836.38733333333,1594.32844444444,0.408936436163577,,0.138038020390151,,
rf_06,2017,Summer,2017-12-12T05:30:00Z,,2000.63733333333,0,2163.99966666667,4677.06,1074.476,0.427755327777136,,0,0.462683751473505,
rf_06,2017,Winter,2017-08-13T06:00:00Z,,1963.49966666667,632.053,1725.00666666667,6457.72466666667,2152.25011111111,0.304054410495668,,0.097875495259579,0.267122981500089,
rf_06,2018,Autumn,2018-05-13T06:30:00Z,,1941.77933333333,261.992,1639.192,6595.06466666667,2359.84811111111,0.294429157480083,,0.0397254633944959,0.24854828312525,
rf_06,2018,Summer,2018-02-24T06:00:00Z,,1427.671,445.711666666667,945.167666666666,5225.144,2013.63022222222,0.273230938707144,,0.0853013173735818,0.18088834808508,
rf_06,2018,Winter,2018-06-06T05:00:00Z,,1920.514,345.870666666667,1901.049,7143.12666666667,2644.53677777778,0.268861814947516,,0.0484200662828323,0.266136817770743,
rf_07,2014,Spring,2014-10-17T04:30:00Z,,,,3004.751,3751.43333333333,834.151133333333,,,,0.800960788320909,
rf_07,2014,Summer,2014-12-23T05:00:00Z,,,,2652.294,2964.20433333333,624.519333333333,,,,0.894774348102184,
rf_07,2014,Winter,2014-07-16T05:00:00Z,,,,1945.32966666667,4428.95233333333,920.653,,,,0.439230210726285,
rf_07,2015,Autumn,2015-05-24T05:30:00Z,,,,2042.80266666667,4623.39266666667,1038.26653333333,,,,0.441840616609246,
rf_07,2015,Spring,2015-09-19T05:30:00Z,,,,2456.67966666667,5145.08833333333,1212.2926,,,,0.477480561558225,
rf_07,2015,Summer,2015-02-08T04:30:00Z,,,,2759.03466666667,3332.296,772.5994,,,,0.827968063661413,
rf_07,2015,Winter,2015-06-23T05:00:00Z,,,,1284.66133333333,5678.14,1235.49846666667,,,,0.226246857832553,
rf_07,2016,Autumn,2016-04-14T05:00:00Z,,,,2395.91833333333,4483.755,955.873799999999,,,,0.534355318997878,
rf_07,2016,Spring,2016-10-25T04:00:00Z,,,,2696.04866666667,5131.19966666667,1074.58,,,,0.525422677308926,
rf_07,2016,Summer,2016-02-13T05:30:00Z,,,,2906.649,3353.00033333333,751.552866666667,,,,0.866880021186995,
rf_07,2016,Winter,2016-08-13T05:30:00Z,,,,1932.185,5912.32233333333,1566.27246666667,,,,0.326806437650812,
rf_07,2017,Autumn,2017-05-18T05:00:00Z,,,,1298.49,3844.477,832.5718,,,,0.33775465427417,
rf_07,2017,Spring,2017-09-06T05:00:00Z,,,,1614.25166666667,4868.51933333333,1304.5306,,,,0.331569324499619,
rf_07,2017,Summer,2017-12-27T04:30:00Z,,,,1995.871,3181.075,819.165466666667,,,,0.627420290310666,
rf_07,2017,Winter,2017-07-02T05:00:00Z,,,,1535.58933333333,5193.88866666667,1332.93133333333,,,,0.295653109237484,
rf_07,2018,Autumn,2018-05-05T05:30:00Z,,,,2161.74033333333,4213.44966666667,1163.79126666667,,,,0.513057115748939,
rf_07,2018,Summer,2018-01-26T05:00:00Z,,,,2609.74633333333,2822.16866666667,601.523666666667,,,,0.924730815757997,
rf_07,2018,Winter,2018-06-24T05:00:00Z,,,,2734.70766666667,5288.16633333333,1111.8022,,,,0.517137225701235,
rf_08,2014,Autumn,2014-05-30T09:00:00Z,535.486,2300.35133333333,,0,3618.503,493.422777777779,0.635719062090961,0.147985506713688,,0,
rf_08,2014,Spring,2014-09-14T08:30:00Z,955.4,2265.04166666667,,0,6293.336,2102.64288888889,0.359911129274946,0.151811376351112,,0,
rf_08,2014,Summer,2014-12-20T06:30:00Z,0,2311.77233333333,,0,4343.126,1095.17744444445,0.532283045284279,0,,0,
rf_08,2014,Winter,2014-07-01T08:30:00Z,1308.72233333333,2259.51566666667,,0,6347.03366666667,2070.47466666667,0.355995538283212,0.206194326683105,,0,
rf_08,2015,Autumn,2015-04-13T05:00:00Z,629.502,0,,2269.14866666667,5707.76633333333,1996.65811111111,0,0.110288677433011,,0.397554583377888,
rf_08,2015,Spring,2015-09-05T08:30:00Z,456.479333333333,2283.23333333333,,619.420666666667,6284.24533333333,2042.57644444444,0.363326574986251,0.0726386875623782,,0.0985672318330879,
rf_08,2015,Summer,2015-12-24T07:00:00Z,0,2290.37233333333,,0,4764.96366666667,1517.76522222222,0.480669422383143,0,,0,
rf_08,2015,Winter,2015-08-25T05:30:00Z,1255.89633333333,1919.20433333333,,2258.97133333333,6655.24466666667,1740.58844444444,0.288374722411908,0.188707763010365,,0.339427240691476,
rf_08,2016,Autumn,2016-05-10T05:00:00Z,361.848333333333,2286.12433333333,,1963.44933333333,5956.63333333333,1424.36755555556,0.383794705062703,0.0607471222558604,,0.329624004611105,
rf_08,2016,Spring,2016-09-10T05:00:00Z,0,2292.589,,2730.112,6248.49566666667,1449.31633333333,0.366902550998008,0,,0.436923084473612,
rf_08,2016,Summer,2016-01-03T07:00:00Z,0,2307.31633333333,,0,4422.732,1110.12744444445,0.521694810658509,0,,0,
rf_08,2016,Winter,2016-07-29T09:00:00Z,667.088666666667,2272.19266666667,,0,7882.44766666667,3011.77333333333,0.288259784619355,0.0846296347120267,,0,
rf_08,2017,Autumn,2017-05-13T06:00:00Z,481.108,2269.711,,3480.848,7318.903,1811.82422222222,0.31011628382013,0.0657349878800143,,0.475596957631492,
rf_08,2017,Summer,2017-01-21T04:00:00Z,0,2293.635,,1400.88966666667,4402.41833333333,749.514555555555,0.520994332281765,0,,0.318209120668906,
rf_09,2014,Spring,2014-09-10T06:00:00Z,,,,,2383.872,421.778666666666,,,,,
rf_09,2014,Summer,2014-12-31T05:00:00Z,,,,,2494.15366666667,539.425944444444,,,,,
rf_09,2014,Winter,2014-08-09T07:30:00Z,,,,,4337.213,1166.67216666667,,,,,
rf_09,2015,Autumn,2015-03-19T06:00:00Z,,,,,3827.79633333333,767.351944444445,,,,,
rf_09,2015,Summer,2015-01-29T05:30:00Z,,,,,3519.21766666667,981.428444444445,,,,,
rf_09,2015,Winter,2015-07-04T07:30:00Z,,,,,5019.34666666667,1544.34677777778,,,,,
rf_10,2014,Spring,2014-09-01T05:30:00Z,977.459333333333,,,1690.14266666667,5149.91433333333,1851.631,,0.189801086011593,,0.328188501258565,
rf_10,2014,Summer,2014-12-02T05:00:00Z,0,,,0,3390.21433333333,1676.96625,,0,,0,
rf_10,2014,Winter,2014-08-01T06:00:00Z,41.7663333333333,,,631.241333333333,4922.25733333333,2129.67783333333,,0.00848519906720304,,0.128242245495495,
rf_10,2015,Autumn,2015-05-27T08:00:00Z,615.752,,,0,4196.53666666667,1885.80408333333,,0.146728611926819,,0,
rf_10,2015,Spring,2015-10-18T04:00:00Z,0,,,1798.10833333333,4012.962,1557.48266666667,,0,,0.448075095984794,
rf_10,2015,Summer,2015-12-10T04:00:00Z,0,,,621.435,3292.33233333333,1494.51608333333,,0,,0.188752208793827,
rf_10,2015,Winter,2015-07-26T05:00:00Z,427.749666666667,,,1379.76666666667,4857.30866666667,1876.953,,0.0880631016105901,,0.284059910817555,
rf_10,2016,Autumn,2016-04-12T06:00:00Z,0,,,0,3885.39866666667,1859.1245,,0,,0,
rf_10,2016,Spring,2016-10-18T06:30:00Z,0,,,0,4189.598,2062.281,,0,,0,
rf_10,2016,Summer,2016-12-06T08:00:00Z,0,,,0,3592.09966666667,1755.74066666667,,0,,0,
rf_10,2016,Winter,2016-07-12T05:30:00Z,1264.088,,,1353.35866666667,6202.287,2378.84666666667,,0.203809981705136,,0.218203167100566,
rf_10,2017,Autumn,2017-04-29T05:00:00Z,0,,,1506.577,4975.42466666667,2010.34925,,0,,0.302803700374253,
rf_10,2017,Spring,2017-09-06T06:00:00Z,167.160333333333,,,0,3446.718,1620.9555,,0.0484984072771062,,0,
rf_10,2017,Summer,2017-01-12T04:30:00Z,0,,,1239.73833333333,4749.76633333333,2009.89575,,0,,0.261010383738877,
rf_10,2017,Winter,2017-07-21T05:00:00Z,342.350666666667,,,1551.38533333333,5574.70733333333,2211.72208333333,,0.0614114152001523,,0.278290005298932,
rf_10,2018,Autumn,2018-03-28T05:00:00Z,0,,,1640.75466666667,3620.90533333333,1374.08333333333,,0,,0.453133820307924,
rf_10,2018,Summer,2018-02-15T05:30:00Z,0,,,0,3765.76533333333,1885.39208333333,,0,,0,
rf_11,2014,Spring,2014-10-13T05:00:00Z,,1910.23066666667,,,3579.11166666667,662.409,0.533716420322175,,,,
rf_11,2014,Summer,2014-12-03T06:00:00Z,,628.094666666667,,,3341.63266666667,1082.47513333333,0.187960416155855,,,,
rf_11,2014,Winter,2014-07-22T08:00:00Z,,908.920666666667,,,5107.38666666667,1659.12853333333,0.177961984472163,,,,
rf_11,2015,Autumn,2015-05-28T09:00:00Z,,52.271,,,8692.681,2195.734,0.00601321962694823,,,,
rf_11,2015,Spring,2015-09-03T06:30:00Z,,49.42,,,4591.128,1777.19433333333,0.0107642392022178,,,,
rf_11,2015,Summer,2015-02-13T05:30:00Z,,943.821666666667,,,2722.95666666667,709.316133333333,0.3466164842873,,,,
rf_11,2015,Winter,2015-06-02T08:00:00Z,,51.984,,,7178.50866666667,1855.1568,0.00724161555190247,,,,
rf_11,2016,Autumn,2016-05-25T07:00:00Z,,49.578,,,4258.67733333334,1655.02513333333,0.0116416427260044,,,,
rf_11,2016,Spring,2016-09-08T05:00:00Z,,51.575,,,4185.46233333333,1650.25893333333,0.0123224140829683,,,,
rf_11,2016,Summer,2016-02-25T04:00:00Z,,57.554,,,2750.32466666667,1074.9608,0.0209262567061779,,,,
rf_11,2016,Winter,2016-06-29T07:00:00Z,,49.2,,,5935.77566666667,2325.86606666667,0.00828872295095159,,,,
rf_11,2017,Autumn,2017-05-31T06:30:00Z,,50.576,,,3741.71966666667,1469.54073333333,0.0135167795841466,,,,
rf_11,2017,Spring,2017-09-17T06:00:00Z,,51.805,,,8210.59533333333,2215.52333333333,0.00630953029552953,,,,
rf_11,2017,Summer,2017-01-25T06:00:00Z,,55.09,,,3168.53233333333,1242.6072,0.0173865986534039,,,,
rf_11,2017,Winter,2017-08-30T08:30:00Z,,53.406,,,7466.81366666667,1881.57213333333,0.00715244847188499,,,,
rf_11,2018,Autumn,2018-05-14T05:30:00Z,,51.728,,,3581.851,1263.06413333333,0.0144416950900526,,,,
rf_11,2018,Summer,2018-02-25T05:00:00Z,,54.9946666666667,,,2627.30966666667,1025.01013333333,0.0209319317644196,,,,
rf_11,2018,Winter,2018-07-05T07:00:00Z,,50.91,,,8698.006,2384.409,0.00585306563366362,,,,
rf_12,2014,Spring,2014-09-27T08:30:00Z,,3020.86166666667,,1174.01133333333,4453.23266666667,407.257,0.678352534615678,,,0.263631258730548,
rf_12,2014,Summer,2014-12-04T04:30:00Z,,3003.17,,658.858,3887.70866666667,274.6455,0.772478150368948,,,0.169472060920888,
rf_12,2014,Winter,2014-08-11T07:30:00Z,,3030.18033333333,,1410.571,4863.77066666667,525.665083333333,0.623010528456933,,,0.290015935510117,
rf_12,2015,Autumn,2015-05-13T07:00:00Z,,2582.79066666667,,1436.93333333333,5539.80633333333,1083.14966666667,0.466223999767983,,,0.259383315385453,
rf_12,2015,Summer,2015-02-20T04:30:00Z,,2707.865,,1165.99,4318.61633333333,493.350416666666,0.627021432559148,,,0.269991569058886,
rf_12,2015,Winter,2015-06-01T05:00:00Z,,966.440333333334,,1824.16366666667,3082.41733333333,584.63825,0.313533252905837,,,0.591796460180821,
rf_13,2014,Spring,2014-10-08T07:30:00Z,990.609333333333,457.462333333333,,137.537,5089.609,2669.85755555555,0.0898816261393229,0.194633680766702,,0.0270230974520833,
rf_13,2014,Summer,2014-12-16T04:30:00Z,0,1675.60933333333,,1784.606,4628.61933333333,1925.20222222222,0.362010615404536,0,,0.385559034234687,
rf_13,2014,Winter,2014-08-08T06:30:00Z,2292.18833333333,0,,1868.80933333333,8090.74366666667,3797.20355555556,0,0.283309968498569,,0.230981157026727,
rf_13,2015,Autumn,2015-05-25T05:30:00Z,2494.745,0,,603.148666666667,7639.06033333333,3883.14833333333,0,0.32657747041401,,0.0789558715794932,
rf_13,2015,Spring,2015-09-21T05:30:00Z,2649.18866666667,0,,2165.988,7406.17866666667,3263.12233333334,0,0.357699805243694,,0.292456892749369,
rf_13,2015,Summer,2015-01-31T04:30:00Z,0,536.302333333333,,2638.84733333333,5290.06566666667,2167.03555555556,0.101379144820949,0,,0.498830732851015,
rf_13,2015,Winter,2015-07-26T06:00:00Z,646.187666666667,0,,2177.62566666667,8412.86633333333,4597.04555555555,0,0.0768094536467734,,0.258844676758802,
rf_13,2016,Autumn,2016-05-31T06:00:00Z,46.828,507.564333333333,,1125.473,6707.123,3040.65422222222,0.0756754175125956,0.00698183110701861,,0.167802648020619,
rf_13,2016,Spring,2016-09-07T06:00:00Z,929.778,628.357666666667,,1765.30433333333,6778.25333333333,,0.0927020038594014,0.137170736217197,,0.260436464457903,
rf_13,2016,Summer,2016-02-17T05:30:00Z,0,0,,2894.972,4920.03666666667,1965.19466666667,0,0,,0.588404557960611,
rf_13,2016,Winter,2016-07-01T06:30:00Z,70.324,0,,1705.55133333333,7993.661,3734.83322222222,0,0.00879747089600122,,0.213362980158069,
rf_13,2017,Autumn,2017-04-27T07:00:00Z,13.029,477.263666666667,,1804.96966666667,8128.145,,0.0587174154332467,0.00160294876629292,,0.222064156909931,
rf_13,2017,Spring,2017-09-13T06:00:00Z,742.592666666667,0,,2047.96733333333,7145.41433333333,,0,0.103925767215832,,0.286612817367297,
rf_13,2017,Summer,2017-01-04T04:30:00Z,16.0983333333333,483.399333333333,,2970.35466666667,5089.84066666667,,0.0949733724474151,0.00316283640051076,,0.583585000237729,
rf_13,2017,Winter,2017-07-28T07:00:00Z,819.887,453.695,,2037.73733333333,8554.69733333333,,0.053034605705123,0.0958405619805291,,0.238200985252079,
rf_13,2018,Autumn,2018-05-23T09:00:00Z,2272.28666666667,1108.20833333333,,1914.351,8011.227,,0.138331910122298,0.283637783159392,,0.238958526577764,
rf_13,2018,Summer,2018-01-15T05:00:00Z,16.597,1649.04966666667,,3276.16066666667,6500.331,,0.253687030193796,0.00255325459580443,,0.503999052766185,
rf_13,2018,Winter,2018-06-19T05:30:00Z,666.777333333333,1827.77066666667,,3549.67066666667,9575.82766666667,,0.190873387689413,0.0696313004519052,,0.370690742380737,
rf_15b,2015,Autumn,2015-03-28T04:00:00Z,,1815.1,,1050.61833333333,7318.499,2240.14575,0.24801533757127,,,0.143556531651276,
rf_15b,2015,Spring,2015-11-03T05:30:00Z,,1867.58033333333,,0,4782.326,1662.31733333333,0.390517152810856,,,0,
rf_15b,2015,Summer,2015-02-15T06:00:00Z,,1933.427,,0,4020.461,1383.37808333333,0.480896842426776,,,0,
rf_15b,2015,Winter,2015-07-04T06:00:00Z,,1885.28766666667,,1035.96333333333,6342.92066666667,2053.72433333333,0.297227060804061,,,0.163325916841042,
rf_15b,2016,Autumn,2016-04-14T07:30:00Z,,1915.63533333333,,0,2481.25966666667,683.889333333334,0.772041459049225,,,0,
rf_16,2014,Spring,2014-10-04T06:00:00Z,,2267.086,,,4174.403,429.017733333333,0.543092269720964,,,,
rf_16,2014,Summer,2014-12-17T07:00:00Z,,1655.86633333333,,,3114.11566666667,433.2498,0.531729232493718,,,,
rf_16,2014,Winter,2014-08-15T07:00:00Z,,1219.35433333333,,,4438.788,737.449999999999,0.274704341215064,,,,
rf_16,2015,Autumn,2015-03-08T04:30:00Z,,1211.72766666667,,,3476.426,533.200866666666,0.348555575946869,,,,
rf_16,2015,Summer,2015-02-02T05:30:00Z,,182.502,,,3159.503,662.992333333333,0.0577628823267457,,,,
rf_17a,2014,Autumn,2014-05-31T06:00:00Z,0,0,,,2227.82733333333,560.236000000001,0,0,,,
rf_17a,2014,Spring,2014-11-07T05:00:00Z,0,2010.43566666667,,,5114.19966666667,828.365416666666,0.393108560029497,0,,,
rf_17a,2014,Summer,2014-12-04T05:00:00Z,0,2003.04766666667,,,4641.337,682.704083333333,0.431566952941937,0,,,
rf_17a,2014,Winter,2014-06-08T06:30:00Z,0,1562.29166666667,,,4990.94766666667,910.341333333333,0.31302505476081,0,,,
rf_17a,2015,Autumn,2015-04-14T06:00:00Z,0,0,,,4207.26766666667,1233.87516666667,0,0,,,
rf_17a,2015,Spring,2015-09-11T06:30:00Z,747.577,0,,,4110.212,1071.94616666667,0,0.181882832321058,,,
rf_17a,2015,Summer,2015-12-20T05:00:00Z,0,0,,,3244.945,851.711833333333,0,0,,,
rf_17a,2015,Winter,2015-07-12T05:30:00Z,2582.89,0,,,6669.07733333333,1739.46258333333,0,0.387293454686785,,,
rf_17a,2016,Autumn,2016-03-24T04:30:00Z,0,0,,,2870.49133333333,787.140916666666,0,0,,,
rf_17a,2016,Summer,2016-01-29T06:00:00Z,0,0,,,2527.17766666667,861.042083333334,0,0,,,
rf_17b,2016,Spring,2016-10-21T04:30:00Z,,,,,2681.992,825.467749999999,,,,,
rf_17b,2016,Summer,2016-12-31T06:00:00Z,,,,,2978.503,766.416666666667,,,,,
rf_17b,2017,Autumn,2017-04-04T06:30:00Z,,,,,2912.54033333333,772.156916666667,,,,,
rf_17b,2017,Spring,2017-09-25T06:30:00Z,,,,,1604.88291666667,530.954791666667,,,,,
rf_17b,2017,Summer,2017-02-21T05:30:00Z,,,,,2310.62833333333,577.657083333333,,,,,
rf_17b,2017,Winter,2017-07-17T07:00:00Z,,,,,3819.871,1119.90925,,,,,
rf_17b,2018,Autumn,2018-05-23T06:00:00Z,,,14.7983333333334,,2345.12,1096.105,,,0.00631026699415525,,
rf_17b,2018,Summer,2018-01-06T05:30:00Z,,,0,,1874.304,490.16575,,,0,,
rf_17b,2018,Winter,2018-06-22T07:00:00Z,,,,,2277.89,569.472500000001,,,,,
rf_18,2014,Autumn,2014-05-30T06:30:00Z,,2066.304,,,8521.72433333334,2248.72458333333,0.242474870011636,,,,
rf_18,2014,Spring,2014-10-13T05:30:00Z,,2095.07533333333,,0,7795.65033333333,2205.39708333333,0.268749269624758,,,0,
rf_18,2014,Summer,2014-12-12T05:30:00Z,,2066.688,,1204.83166666667,6988.98833333333,1531.601,0.295706317056379,,,0.172389995404676,
rf_18,2014,Winter,2014-06-23T08:30:00Z,,2053.64266666667,,0,7681.93966666667,1813.34666666667,0.267333870842256,,,0,
rf_18,2015,Autumn,2015-04-21T07:00:00Z,,2061.10366666667,,1104.06,8227.38866666667,2199.81233333333,0.250517357350243,,,0.134193247059436,
rf_18,2015,Summer,2015-02-14T05:30:00Z,,1892.89533333333,,1188.03966666667,7053.47966666667,1679.64133333333,0.268363335940242,,,0.16843313127861,
rf_18,2015,Winter,2015-06-09T07:00:00Z,,2046.58966666667,,1865.716,7154.20033333333,1513.94266666667,0.286068263580915,,,0.26078609950397,
rf_19,2014,Spring,2014-09-22T06:30:00Z,0,,,0,3194.29233333333,737.061333333334,,0,,0,
rf_19,2014,Summer,2014-12-30T04:30:00Z,0,,,0,1563.238,,,0,,0,
rf_19,2014,Winter,2014-08-17T06:00:00Z,0,,,1250.646,3383.25266666667,609.503904761905,,0,,0.369657877557277,
rf_19,2015,Autumn,2015-05-27T05:30:00Z,0,,,0,3736.01566666667,897.710238095238,,0,,0,
rf_19,2015,Spring,2015-10-22T05:30:00Z,0,,,0,3357.976,,,0,,0,
rf_19,2015,Summer,2015-12-10T05:30:00Z,0,,,0,2420.92066666667,,,0,,0,
rf_19,2015,Winter,2015-07-09T06:00:00Z,0,,,0,5541.255,1400.66542857143,,0,,0,
rf_19,2016,Autumn,2016-03-02T06:30:00Z,0,,,0,2896.7824137931,,,0,,0,
rf_19,2016,Spring,2016-09-01T05:30:00Z,0,,,0,3967.37133333333,999.501619047618,,0,,0,
rf_19,2016,Summer,2016-02-19T08:00:00Z,0,,,0,2749.49933333333,651.773047619048,,0,,0,
rf_19,2016,Winter,2016-08-10T07:30:00Z,0,,,0,3684.09433333333,905.215952380954,,0,,0,
rf_19,2017,Autumn,2017-05-23T05:30:00Z,0,,,0,3254.97333333333,786.762285714286,,0,,0,
rf_19,2017,Spring,2017-09-25T04:30:00Z,0,,,0,3186.01566666667,,,0,,0,
rf_19,2017,Summer,2017-12-15T06:00:00Z,0,,,0,3603.97666666667,,,0,,0,
rf_19,2017,Winter,2017-07-29T06:30:00Z,0,,,0,3958.292,997.375142857142,,0,,0,
rf_19,2018,Autumn,2018-05-27T07:30:00Z,0,,,0,3643.10466666667,688.551047619047,,0,,0,
rf_19,2018,Summer,2018-02-18T06:00:00Z,277.182,,,0,4349.45933333333,,,0.0637279208189708,,0,
rf_19,2018,Winter,2018-06-22T07:30:00Z,0,,,0,4717.95766666667,857.822714285714,,0,,0,
rf_20,2014,Autumn,2014-05-31T05:30:00Z,,2760.284,,480.225333333333,4063.11866666667,,0.679351066619106,,,0.118191313798694,
rf_20,2014,Spring,2014-11-06T05:00:00Z,,3081.031,,2552.15866666667,6141.88866666667,851.565916666666,0.501642274423079,,,0.415533202436211,
rf_20,2014,Summer,2014-12-15T05:30:00Z,,3108.01466666667,,1847.02233333333,5443.23766666667,693.373166666666,0.570986397617644,,,0.339324212250392,
rf_20,2014,Winter,2014-07-02T05:00:00Z,,1530.598,,578.141,5288.00733333333,1662.46033333333,0.289447026737608,,,0.109330597247029,
rf_20,2015,Autumn,2015-05-30T06:00:00Z,,3042.22266666667,,921.512333333333,6243.45033333333,1301.10116666667,0.487266255715123,,,0.147596646747303,
rf_20,2015,Summer,2015-01-20T06:00:00Z,,2859.481,,1718.53366666667,5227.13733333333,689.915083333334,0.547045317092619,,,0.328771477976601,
rf_20,2015,Winter,2015-06-05T06:00:00Z,,3050.775,,3397.599,7239.90666666667,1230.07733333333,0.421383194626818,,,0.469287679583346,
rf_21,2014,Spring,2014-11-13T05:30:00Z,,,,0,2842.70766666667,945.595066666667,,,,0,
rf_21,2014,Summer,2014-12-13T05:00:00Z,,,,0,2306.94,785.229333333333,,,,0,
rf_21,2014,Winter,2014-08-09T09:00:00Z,,,,0,3760.43966666667,1401.65766666667,,,,0,
rf_21,2015,Autumn,2015-05-16T05:30:00Z,,,,1071.886,4120.682,1134.07093333333,,,,0.260123445584978,
rf_21,2015,Spring,2015-09-04T06:00:00Z,,,,0,3420.47,1117.89233333333,,,,0,
rf_21,2015,Summer,2015-01-29T04:00:00Z,,,,745.287333333334,3334.90066666667,1160.50066666667,,,,0.223481119177763,
rf_21,2015,Winter,2015-07-30T06:30:00Z,,,,1287.13366666667,3989.95233333333,1247.3228,,,,0.322593745271979,
rf_21,2016,Autumn,2016-05-22T06:00:00Z,,,,0,3198.627,966.494999999999,,,,0,
rf_21,2016,Summer,2016-01-12T08:00:00Z,,,,0,2539.972,876.082933333334,,,,0,
rf_21,2016,Winter,2016-06-06T05:00:00Z,,,,1642.988,4472.779,1359.473,,,,0.367330467255369,
rf_22,2014,Spring,2014-11-06T05:00:00Z,,1962.04133333333,1903.02166666667,912.849,5953.863,1726.28522222222,0.32954089359015,,0.319628057727675,0.15332045765917,
rf_22,2014,Summer,2014-12-18T07:30:00Z,,1817.999,2941.73333333333,0,6138.75133333333,1903.24577777778,0.29615126941668,,0.479207117799309,0,
rf_22,2014,Winter,2014-06-11T05:00:00Z,,1086.88866666667,2509.18266666667,106.515,6675.574,2858.94055555556,0.162815761860579,,0.375875193154427,0.0159559312802165,
rf_22,2015,Autumn,2015-05-26T07:30:00Z,,1916.646,2728.31733333333,0,7486.28966666667,2807.22511111111,0.25602081743297,,0.364441860362603,0,
rf_22,2015,Spring,2015-09-20T09:00:00Z,,1929.29566666667,3411.40133333333,0,8019.169,2924.48666666667,0.240585485437041,,0.425405841095671,0,
rf_22,2015,Summer,2015-02-11T04:30:00Z,,684.963666666667,2069.64433333333,940.916333333333,5589.48733333333,2268.88811111111,0.12254498951663,,0.370274447352416,0.168336786045136,
rf_22,2015,Winter,2015-07-09T08:30:00Z,,1928.30466666667,2905.81266666667,0,7365.55166666667,2659.35433333333,0.261800439930841,,0.394513920772171,0,
rf_22,2016,Autumn,2016-04-23T05:30:00Z,,1959.48666666667,1971.112,1242.714,6930.834,2246.32244444444,0.282720184420327,,0.284397519836718,0.17930223116006,
rf_22,2016,Spring,2016-11-10T08:00:00Z,,1926.2,2517.05533333333,0,6198.32833333334,2012.09922222222,0.310761207927836,,0.406086157100959,0,
rf_22,2016,Summer,2016-12-08T08:00:00Z,,1931.64566666667,2696.916,0,7060.03966666667,2526.36355555556,0.273602664838663,,0.381997287172938,0,
rf_22,2016,Winter,2016-06-10T05:30:00Z,,1932.45566666667,3002.69966666667,1040.903,7331.62333333333,2256.42122222222,0.263578143448905,,0.409554546128257,0.14197442403615,
rf_22,2017,Autumn,2017-05-22T05:30:00Z,,711.633,3141.127,277.467333333333,6728.69033333333,2875.34677777778,0.105760997273813,,0.466825911788381,0.0412364545829646,
rf_22,2017,Spring,2017-09-09T06:00:00Z,,1274.19133333333,2577.335,1189.93433333333,6352.75266666667,2131.24911111111,0.200573105894568,,0.405703658749923,0.18731003641571,
rf_22,2017,Summer,2017-02-08T05:30:00Z,,1990.90566666667,2446.51,735.560333333333,6686.691,2073.88588888889,0.297741538627502,,0.365877531951155,0.110003637574001,
rf_22,2017,Winter,2017-07-14T08:00:00Z,,1375.45931034483,2968.45620689655,0,6856.92172413793,2667.38252873563,0.200594284969434,,0.43291382435458,0,
rf_22,2018,Summer,2018-01-09T06:00:00Z,,1994.447,815.983000000001,0,4544.984,1429.20288888889,0.438823767036364,,0.179534845447201,0,
rf_23,2014,Autumn,2014-05-28T06:30:00Z,,1374.26333333333,,322.745333333333,3955.454,,0.347435043697469,,,0.0815950162315964,
rf_23,2014,Spring,2014-11-02T08:00:00Z,,0,,0,3483.90166666667,1572.95141666667,0,,,0,
rf_23,2014,Summer,2014-12-20T04:00:00Z,,0,,0,2963.33166666667,1389.68533333333,0,,,0,
rf_23,2014,Winter,2014-07-09T09:00:00Z,,1403.126,,0,4829.24666666667,1249.48233333334,0.29054759403468,,,0,
rf_23,2015,Autumn,2015-05-17T05:00:00Z,,276.679,,2051.79633333333,3743.653,1123.6825,0.0739061552980471,,,0.548073321254222,
rf_23,2015,Spring,2015-10-04T04:30:00Z,,1258.36266666667,,1493.64866666667,5301.934,1560.37333333333,0.237340311415923,,,0.281717702760289,
rf_23,2015,Summer,2015-02-17T05:30:00Z,,161.179,,3023.23533333333,3895.66866666667,1046.0125,0.0413738984988969,,,0.776050427286508,
rf_23,2015,Winter,2015-08-05T06:30:00Z,,65.7306666666667,,1958.338,5228.24866666667,,0.0125722150680668,,,0.37456864140484,
rf_23,2016,Autumn,2016-04-02T05:00:00Z,,249.182333333333,,1976.964,4136.30833333333,,0.0602426882264177,,,0.477953730883216,
rf_23,2016,Spring,2016-09-09T06:30:00Z,,0,,1253.76533333333,5270.02033333333,1428.54783333333,0,,,0.2379052174435,
rf_23,2016,Summer,2016-12-15T05:00:00Z,,0,,1900.68233333333,3503.293,1121.63558333333,0,,,0.542541641059806,
rf_23,2016,Winter,2016-08-25T05:30:00Z,,252.364333333333,,2294.63766666667,5463.98233333333,1352.96583333333,0.0461868867682405,,,0.419957006937615,
rf_23,2017,Autumn,2017-05-19T06:00:00Z,,0,,2113.568,5942.44066666667,1934.45358333334,0,,,0.355673387175034,
rf_23,2017,Spring,2017-09-03T09:00:00Z,,282.338333333333,,0,4231.71233333333,1357.48575,0.0667196423323356,,,0,
rf_23,2017,Summer,2017-02-12T07:30:00Z,,1417.223,,0,3338.23833333333,789.521833333332,0.424542186173047,,,0,
rf_23,2017,Winter,2017-07-06T07:00:00Z,,718.733333333333,,2317.008,6265.258,1770.00075,0.114717276340948,,,0.369818449615323,
rf_23,2018,Autumn,2018-05-23T06:30:00Z,,1028.22266666667,,2240.259,5267.458,1405.55975,0.19520282205699,,,0.425301729980571,
rf_23,2018,Summer,2018-01-01T06:00:00Z,,1232.146,,1944.36633333333,5955.525,,0.206891248042784,,,0.326481096684731,
rf_23,2018,Winter,2018-07-26T05:00:00Z,,797.135,,977.679333333333,5081.31066666667,1361.69391666667,0.156875863786325,,,0.192406919684501,
rf_24,2014,Autumn,2014-05-31T05:00:00Z,,0,,1720.78033333333,2064.70166666667,,0,,,0.833428073950955,
rf_24,2014,Spring,2014-11-29T08:00:00Z,,3054.13966666667,,0,4930.861,860.858499999999,0.619392772715895,,,0,
rf_24,2014,Summer,2014-12-09T08:00:00Z,,3073.048,,0,3600.91133333333,196.19425,0.853408405686932,,,0,
rf_24,2014,Winter,2014-06-21T06:00:00Z,,3037.41733333333,,2131.272,6234.17733333333,961.67075,0.487220233067907,,,0.341869004688777,
rf_24,2015,Autumn,2015-03-24T07:30:00Z,,3015.60166666667,,0,3865.42233333333,246.95525,0.780148042469186,,,0,
rf_24,2015,Spring,2015-10-24T07:30:00Z,,3020.82333333333,,0,3700.26266666667,254.740416666667,0.816380783057922,,,0,
rf_24,2015,Summer,2015-12-12T07:30:00Z,,3049.195,,0,3957.65933333333,299.442333333333,0.770454135432577,,,0,
rf_24,2015,Winter,2015-08-11T06:30:00Z,,3028.11133333333,,516.246333333333,4239.88,323.329250000001,0.71419741439223,,,0.121759656719844,
rf_24,2016,Autumn,2016-04-21T09:00:00Z,,3063.084,,0,4151.73233333333,447.221833333333,0.737784556920297,,,0,
rf_24,2016,Spring,2016-09-02T05:00:00Z,,0,,2057.28633333333,2896.52,,0,,,0.710261394132728,
rf_24,2016,Summer,2016-12-21T08:00:00Z,,3100.046,,0,3882.443,208.73025,0.798478174695675,,,0,
rf_24,2016,Winter,2016-07-20T08:00:00Z,,3038.65233333333,,0,3983.166,336.27075,0.762873637034793,,,0,
rf_24,2017,Autumn,2017-03-02T07:00:00Z,,3104.13133333333,,0,3418.77,92.7451666666668,0.907967290380262,,,0,
rf_24,2017,Spring,2017-10-10T06:00:00Z,,3148.33933333333,,0,4077.33633333333,,0.772155906687119,,,0,
rf_24,2017,Summer,2017-02-25T07:30:00Z,,2614.23966666667,,0,4097.574,608.689166666666,0.637996938351002,,,0,
rf_24,2017,Winter,2017-07-09T05:30:00Z,,3088.941,,1544.43933333333,5200.003,560.71525,0.594026772676862,,,0.297007392752145,
rf_24,2018,Autumn,2018-04-22T07:30:00Z,,3118.81566666667,,0,3767.928,223.212166666667,0.827726980628789,,,0,
rf_24,2018,Summer,2018-02-24T07:00:00Z,,0,,1158.97466666667,2880.27966666667,,0,,,0.402382685292482,
rf_24,2018,Winter,2018-06-02T05:00:00Z,,3088.566,,2224.34733333333,6139.31033333333,786.871416666666,0.503080286271026,,,0.362312248862263,
rf_27,2014,Spring,2014-09-28T06:30:00Z,1595.328,0,,1808.68566666667,6217.691,2846.38655555556,0,0.256578848964994,,0.290893462969882,
rf_27,2014,Summer,2014-12-19T04:30:00Z,0,1378.20233333333,,1817.57466666667,4466.61133333333,1280.42744444444,0.308556583611408,0,,0.406924742500543,
rf_27,2014,Winter,2014-08-12T05:30:00Z,1771.134,0,,1677.72466666667,6139.38966666667,2732.32566666667,0,0.2884869826094,,0.273272223748192,
rf_27,2015,Autumn,2015-04-14T05:00:00Z,985.298666666667,1615.97033333333,,1326.92333333333,6649.066,1953.82277777778,0.243037192491897,0.14818602592705,,0.199565372540042,
rf_27,2015,Spring,2015-11-04T06:00:00Z,2042.566,0,,1981.86,6195.09166666667,2413.44955555556,0,0.32970714719045,,0.319908099288281,
rf_27,2015,Summer,2015-02-23T07:30:00Z,757.685333333334,918.107,,1836.10633333333,5088.51266666667,1752.00466666667,0.180427378321026,0.148901139285101,,0.360833597872541,
rf_27,2015,Winter,2015-06-22T05:30:00Z,1025.07966666667,1544.30133333333,,1604.624,6806.32933333333,2187.88355555556,0.226891949787129,0.150606827331502,,0.235754680888201,
rf_27,2016,Autumn,2016-04-25T06:00:00Z,0,0,,481.135,4158.658,1753.29833333333,0,0,,0.115694774612387,
rf_27,2016,Summer,2016-01-30T04:30:00Z,975.319333333333,0,,1879.219,3811.291,1491.86066666667,0,0.255902614975695,,0.49306626022521,
rf_28,2015,Autumn,2015-05-23T05:30:00Z,1348.84266666667,,129.443666666667,,4676.189,1488.70975,,0.288449133828139,0.0276814445837555,,
rf_29,2015,Autumn,2015-05-29T06:00:00Z,,3126.37733333333,368.098333333333,1810.62533333333,8395.39766666667,2091.74488888889,0.372391810068318,,0.0438452528335663,0.215668799171037,
rf_29,2015,Spring,2015-09-20T06:00:00Z,,3133.29066666667,449.74,0,6147.72333333333,1375.68388888889,0.509666830593657,,0.07315553671088,0,
rf_29,2015,Summer,2015-12-11T04:00:00Z,,2587.15,19.0406666666667,1685.34766666667,5500.849,1187.49466666667,0.470318309046476,,0.0034614050788645,0.30637955462269,
rf_29,2015,Winter,2015-08-09T09:00:00Z,,3135.975,496.196,0,7097.36,1805.88477777778,0.441850913579134,,0.0699127562924806,0,
rf_29,2016,Autumn,2016-03-10T05:30:00Z,,3158.81133333333,105.634666666667,0,5671.18466666667,1404.00533333333,0.556993206710367,,0.0186265609172546,0,
rf_29,2016,Spring,2016-09-10T07:00:00Z,,3145.29166666667,292.241333333333,2013.49333333333,7198.21766666667,1731.89122222222,0.436954231216404,,0.0405991242369117,0.279721095773106,
rf_29,2016,Summer,2016-12-22T06:00:00Z,,3180.17466666667,14.864,868.550666666667,6165.57266666667,1416.09777777778,0.515795504910655,,0.0024108060684063,0.140871045338962,
rf_29,2016,Winter,2016-07-31T07:00:00Z,,3128.72866666667,182.014333333333,1485.781,7469.38533333333,1869.453,0.418873645827886,,0.024368047062864,0.19891610001287,
rf_29,2017,Autumn,2017-05-20T07:00:00Z,,3183.363,111.659333333333,1715.36133333333,7985.99733333334,2379.05277777778,0.398618089529373,,0.0139818896341563,0.214796131495494,
rf_29,2017,Spring,2017-09-02T07:30:00Z,,3139.24333333333,131.297666666667,0,6601.92466666667,1990.36455555555,0.475504264564464,,0.0198877862586941,0,
rf_29,2017,Summer,2017-01-31T04:30:00Z,,3209.56766666667,1.61433333333333,1585.195,6988.299,1657.64288888889,0.459277381615565,,0.000231005189293322,0.226835600480174,
rf_29,2017,Winter,2017-07-14T07:30:00Z,,3123.269,146.671,1500.58733333333,8334.96833333333,2432.02455555556,0.374718760179253,,0.0175970674553653,0.180035157102176,
rf_29,2018,Autumn,2018-05-30T07:00:00Z,,3200.89566666667,98.2333333333334,0,6761.45733333334,1938.27077777778,0.473403218990462,,0.014528426120365,0,
rf_29,2018,Summer,2018-01-02T05:30:00Z,,3178.89066666667,43.8896666666667,0,5034.005,1024.59177777778,0.631483414630432,,0.00871863787713097,0,
rf_29,2018,Winter,2018-06-29T08:00:00Z,,3133.42733333333,128.164333333333,0,6000.977,1560.26788888889,0.522152864997371,,0.0213572445509011,0,
rf_30,2015,Autumn,2015-04-08T06:00:00Z,,526.494,675.487666666667,1806.981,4306.354,1662.17122222222,0.12225980493011,,0.156858369438896,0.419608095386492,
rf_30,2015,Spring,2015-10-03T07:30:00Z,,1408.968,473.102,0,5173.55266666667,1847.12366666667,0.272340515460105,,0.0914462518277253,0,
rf_30,2015,Summer,2015-12-20T04:30:00Z,,988.637333333334,2.35466666666667,1686.26166666667,3502.714,1391.17233333333,0.282248945627115,,0.000672240630170396,0.481415744096341,
rf_30,2015,Winter,2015-08-22T06:30:00Z,,1230.621,885.206333333333,0,3953.08266666667,1927.13222222222,0.311306669697775,,0.223928110787463,0,
rf_30,2016,Autumn,2016-03-24T05:00:00Z,,1258.44,667.732666666667,869.341333333334,3652.61833333333,1480.46144444444,0.34453093237682,,0.18280931806453,0.238004974513717,
rf_30,2016,Spring,2016-09-04T05:30:00Z,,808.46,994.549,1056.56466666667,2612.20566666667,1071.752,0.30949324179043,,0.380731506975522,0.404472235915065,
rf_30,2016,Summer,2016-02-09T05:00:00Z,,0,41.7016666666667,1449.19666666667,3256.27366666667,1473.435,0,,0.0128065607917271,0.445047565105349,
rf_30,2016,Winter,2016-08-02T05:00:00Z,,1114.21533333333,502.082333333333,1170.74466666667,2664.359,1126.657,0.418192643458832,,0.188443949682957,0.439409503999525,
rf_31,2015,Autumn,2015-05-19T06:30:00Z,356.429666666667,1867.988,618.142,,5133.265,1839.85122222222,0.363898610338644,0.0694352749500887,0.120418875705813,,
rf_31,2015,Spring,2015-09-24T06:30:00Z,579.006,1481.40733333333,597.948,,4876.20433333333,1769.17933333333,0.303803374933768,0.118741127405585,0.122625706210151,,
rf_31,2015,Summer,2015-12-10T06:00:00Z,0,2.153,0,,3233.787,1213.47122222222,0.000665782873145325,0,0,,
rf_31,2015,Winter,2015-06-20T06:30:00Z,101.542666666667,752.155666666667,418.568666666667,,5001.21133333334,1836.15944444445,0.150394697711234,0.0203036144443407,0.083693457198436,,
rf_31,2016,Autumn,2016-05-06T06:30:00Z,51.456,0,492.252666666667,,3916.43233333333,1490.41288888889,0,0.0131384882006132,0.125689051864125,,
rf_31,2016,Spring,2016-09-19T06:00:00Z,150.257,0,591.458666666667,,3232.103,1165.80277777778,0,0.0464889268689766,0.182994993249493,,
rf_31,2016,Summer,2016-01-29T05:00:00Z,0,1745.147,157.603333333333,,3735.77733333333,1422.45911111111,0.467144276621769,0,0.0421875607860996,,
rf_31,2016,Winter,2016-08-06T06:30:00Z,2154.716,0,550.274,,4337.127,1606.85033333333,0,0.496807218234559,0.126875233305366,,
rf_31,2017,Autumn,2017-05-02T05:30:00Z,2.14266666666667,0,717.489,,3518.681,1249.98922222222,0,0.00060894030083053,0.203908510035437,,
rf_31,2017,Spring,2017-09-18T06:00:00Z,46.5463333333333,0,676.384333333333,,3554.734,1323.44355555556,0,0.0130941818243878,0.190277059643094,,
rf_31,2017,Summer,2017-01-23T04:30:00Z,0,0,215.929,,3049.69833333333,1151.47511111111,0,0,0.0708033964015021,,
rf_31,2017,Winter,2017-06-18T05:30:00Z,0,0,523.927666666667,,3786.47666666667,1371.94944444445,0,0,0.138368122344167,,
rf_31,2018,Autumn,2018-05-28T06:00:00Z,1048.533,0,1100.61266666667,,6515.568,3037.96966666667,0,0.160927335882305,0.168920448173769,,
rf_31,2018,Summer,2018-01-15T05:30:00Z,0,0,0,,2935.20833333333,1113.71577777778,0,0,0,,
rf_31,2018,Winter,2018-06-25T05:30:00Z,518.296,0,1207.51133333333,,7101.94566666667,3163.50822222222,0,0.072979437512828,0.170025425426844,,
rf_32,2015,Autumn,2015-04-01T05:00:00Z,0,1458.535,47.3476666666667,,3259.81733333333,1273.78344444444,0.447428444865827,0,0.0145246379858504,,
rf_32,2015,Spring,2015-09-08T05:30:00Z,671.687666666667,0,103.882333333333,,3655.856,1382.33844444444,0,0.183729246082632,0.0284153241630231,,
rf_32,2015,Summer,2015-12-06T05:30:00Z,0,1437.42533333333,227.073666666667,,3908.25766666667,1553.03522222222,0.367791854051246,0,0.058100996923352,,
rf_32,2015,Winter,2015-07-10T09:00:00Z,876.897666666667,1405.574,341.918,,7882.02233333334,2648.74755555556,0.178326569065376,0.111252877698435,0.0433794761725068,,
rf_32,2016,Autumn,2016-03-14T05:00:00Z,0,1455.129,66.64,,3193.69133333333,1182.73366666667,0.45562606029345,0,0.0208661367191194,,
rf_32,2016,Summer,2016-01-29T04:00:00Z,0,1468.68833333333,0,,2962.53833333333,1117.29655555555,0.495753360153427,0,0,,
rf_33,2015,Autumn,2015-05-04T05:00:00Z,,1542.34766666667,303.100666666667,2954.88866666667,5279.99433333333,1370.54533333333,0.292111614008677,,0.0574054909023578,0.559638605672747,
rf_33,2015,Spring,2015-10-28T05:30:00Z,,959.453,132.403,3247.84566666667,5175.59966666667,1639.60988888889,0.185380064493654,,0.025582156373635,0.627530310658366,
rf_33,2015,Summer,2015-12-20T05:30:00Z,,1346.264,110.660666666667,2184.659,3932.80166666667,942.329222222223,0.342316779259569,,0.02813787117835,0.555496865889923,
rf_33,2015,Winter,2015-07-19T05:30:00Z,,1901.70066666667,242.561,2203.12033333333,7016.92333333333,2545.96066666667,0.271016309617179,,0.0345679991753271,0.313972410510399,
rf_33,2016,Autumn,2016-04-14T06:00:00Z,,2081.02,203.531666666667,3137.98766666667,5654.312,1250.75144444444,0.368041240030617,,0.0359958323252532,0.554972500043625,
rf_33,2016,Spring,2016-10-13T06:00:00Z,,2131.892,209.233333333333,2663.20633333333,5430.75633333333,1186.64277777778,0.392558949278336,,0.0385274758230422,0.490393265664837,
rf_33,2016,Summer,2016-02-22T05:30:00Z,,1925.22,63.5866666666667,1486.01266666667,5181.04966666667,1624.53888888889,0.371588794522911,,0.0122729313088358,0.286816912068462,
rf_33,2016,Winter,2016-08-04T05:30:00Z,,1353.49266666667,176.623333333333,3614.151,5518.15633333334,1496.946,0.245279869743935,,0.032007671161183,0.654956253806751,
rf_33,2017,Autumn,2017-04-30T06:00:00Z,,2046.41033333333,212.607,1794.34566666667,4894.02866666667,1199.37833333333,0.418144329082392,,0.0434421239597697,0.366639794917426,
rf_33,2017,Spring,2017-09-04T07:00:00Z,,2063.48233333333,49.9696666666667,3251.314,5582.44933333334,1233.40733333333,0.369637449463639,,0.00895120827488626,0.582417108666995,
rf_33,2017,Summer,2017-12-11T07:00:00Z,,1641.32933333333,98.4096666666667,1684.23966666667,4307.71133333333,1154.56455555556,0.381021198108755,,0.0228450002917249,0.390982481494041,
rf_33,2017,Winter,2017-07-13T09:00:00Z,,2084.708,238.877,0,5480.532,2179.80433333333,0.380384240070125,,0.0435864620441957,0,
rf_33,2018,Autumn,2018-05-15T06:00:00Z,,1506.903,186.674666666667,1777.42966666667,5937.35333333333,1689.59933333333,0.25380045879028,,0.0314407205006047,0.299363970253862,
rf_33,2018,Summer,2018-02-27T06:00:00Z,,2119.70766666667,313.929,2260.05666666667,5136.14966666667,1102.64722222222,0.412703640710367,,0.0611214665408569,0.440029363111109,
rf_33,2018,Winter,2018-06-05T06:00:00Z,,1723.21233333333,174.638666666667,1868.181,6336.35166666667,1796.289,0.271956549128822,,0.0275613911370134,0.294835435007158,
rf_34,2015,Autumn,2015-05-29T05:30:00Z,1787.62433333333,876.741333333333,401.482,,5154.71066666667,1781.38266666667,0.170085459694731,0.34679431086077,0.0778864277671711,,
rf_34,2015,Spring,2015-09-21T05:00:00Z,1450.56733333333,2966.98066666667,214.732333333333,,5484.36,1965.75822222222,0.54098940745441,0.264491633177496,0.0391535809708577,,
rf_34,2015,Summer,2015-12-26T06:00:00Z,0,0,81.796,,3072.32833333333,1462.749,0,0,0.0266234565858576,,
rf_34,2015,Winter,2015-07-10T05:00:00Z,1744.95633333333,0,218.578333333333,,6405.59833333333,2814.80033333333,0,0.272411138277741,0.0341230158306835,,
rf_34,2016,Autumn,2016-05-10T08:00:00Z,1075.92433333333,678.213,288.026666666667,,4452.39233333333,2123.94988888889,0.152325525071653,0.241650836849732,0.0646903159252888,,
rf_34,2016,Summer,2016-01-15T06:00:00Z,3708.39466666667,0,124.949,,5765.656,2460.81611111111,0,0.64318694467146,0.0216712547540124,,
rf_34,2016,Winter,2016-06-20T06:30:00Z,1168.50866666667,3356.64533333333,1066.36766666667,,6920.086,2453.23855555556,0.485058326346426,0.168857535392865,0.154097458711737,,
rf_35,2015,Autumn,2015-05-23T06:30:00Z,275.129666666667,1292.04866666667,534.889,,5815.87933333333,1954.17166666667,0.222158781607001,0.0473066325653938,0.0919704432198789,,
rf_35,2015,Spring,2015-09-21T05:00:00Z,389.348333333333,812.154333333333,86.0403333333334,,4929.17966666667,1977.413,0.164764603494875,0.0789884645443707,0.0174553047670745,,
rf_35,2015,Winter,2015-08-31T05:00:00Z,377.047,2832.60966666667,99.5876666666667,,7202.18433333334,1565.46344444445,0.393298690448217,0.0523517564324119,0.0138274254111704,,
rf_35,2016,Spring,2016-09-26T05:30:00Z,0,1066.05,85.65,,4647.52133333333,1683.59255555555,0.229380334922616,0,0.0184291784495305,,
rf_35,2016,Summer,2016-12-21T07:00:00Z,287.892,788.742333333333,68.2746666666667,,3274.93433333333,954.481111111111,0.240842182789823,0.0879077168264851,0.0208476444769427,,
rf_35,2016,Winter,2016-08-18T05:00:00Z,274.928666666667,658.705333333333,99.2126666666667,,5638.73533333333,1740.67555555556,0.116817920046611,0.0487571503917605,0.0175948436664817,,
rf_35,2017,Autumn,2017-04-13T08:00:00Z,0,2780.425,56.26,,5707.935,1348.24916666667,0.487115743259165,0,0.0098564542168052,,
rf_35,2017,Summer,2017-02-02T06:30:00Z,0,2881.14733333333,86.6,,5061.74633333334,824.502222222222,0.569200260858586,0,0.0171087198561708,,
rf_36,2015,Autumn,2015-05-30T07:00:00Z,1480.866,3029.016,299.075333333333,,7098.57633333334,2366.19211111111,0.426707533703119,0.208614506692868,0.0421317344900472,,
rf_36,2015,Spring,2015-09-08T05:30:00Z,2150.978,2968.92633333333,105.088333333333,,6761.92133333333,2253.97377777778,0.439065494402873,0.318101600708753,0.0155411943074956,,
rf_36,2015,Summer,2015-12-04T05:30:00Z,0,2822.847,70.2133333333334,,6324.41066666667,2199.46811111111,0.446341508921622,0,0.0111019566935143,,
rf_36,2015,Winter,2015-06-07T05:00:00Z,1622.721,2943.19166666667,428.988333333334,,9098.25633333333,3202.12333333333,0.323489640084516,0.178355163951012,0.0471506097010751,,
rf_36,2016,Autumn,2016-03-17T04:00:00Z,0.503666666666667,3008.836,21.8053333333333,,7563.46833333334,2546.10077777778,0.397811674141559,6.65920242498977e-05,0.00288298071365407,,
rf_36,2016,Spring,2016-09-10T05:30:00Z,1626.14,2656.00166666667,295.978333333333,,7212.97666666667,2404.32555555556,0.368225462164719,0.225446452296856,0.0410341454036775,,
rf_36,2016,Summer,2016-02-26T04:30:00Z,1988.906,49.0263333333333,0,,5287.43533333333,1844.10122222222,0.00927223317971548,0.376157035427258,0,,
rf_36,2016,Winter,2016-07-18T06:00:00Z,1295.36266666667,2987.39833333333,384.717,,8363.79833333333,2815.30177777778,0.357182013993243,0.154877319495389,0.0459978809468346,,
rf_36,2017,Autumn,2017-05-21T05:30:00Z,1383.65433333333,581.767666666667,242.732333333333,,8538.32633333333,2928.611,0.0681360308747472,0.162052172675995,0.0284285612726834,,
rf_36,2017,Spring,2017-09-20T06:30:00Z,0,2992.52333333333,299.873666666667,,7146.27533333333,2382.09177777778,0.418752873874717,0,0.0419622324468701,,
rf_36,2017,Summer,2017-01-30T06:00:00Z,0,2664.95566666667,0,,5889.73533333333,1963.24511111111,0.452474604687953,0,0,,
rf_36,2017,Winter,2017-07-16T09:00:00Z,1256.43766666667,2621.89733333333,337.108666666667,,9557.46466666666,3447.80844444444,0.274329796109805,0.131461398026269,0.0352717669825548,,
rf_36,2018,Autumn,2018-05-13T05:30:00Z,519.225666666667,2105.52,282.256666666667,,7568.63966666667,2522.87988888889,0.278190017325438,0.0686022441989686,0.0372929190842265,,
rf_36,2018,Summer,2018-01-18T06:30:00Z,0,2641.22333333333,203.219333333333,,5464.737,1977.72522222222,0.483321216251273,0,0.0371873949896094,,
rf_36,2018,Winter,2018-06-20T05:00:00Z,2030.675,2958.11933333333,243.777,,8255.455,2816.77766666667,0.358322991686507,0.245979779430692,0.0295292022062987,,
rf_37,2015,Autumn,2015-05-14T06:30:00Z,374.976666666667,3054.661,339.908333333333,,5133.39533333333,864.833333333333,0.595056644121052,0.0730465203472219,0.066215109349978,,
rf_37,2015,Spring,2015-09-23T06:30:00Z,437.519666666667,2386.973,153.026,,5466.28066666667,1110.80822222222,0.436672235759086,0.080039736952158,0.0279945376630862,,
rf_37,2015,Summer,2015-12-01T05:30:00Z,12.0873333333333,3066.98066666667,150.878333333333,,4458.78233333333,573.293444444446,0.687851623466408,0.00271090455413574,0.0338384612779557,,
rf_37,2015,Winter,2015-08-29T05:30:00Z,438.616333333333,3041.473,208.220333333333,,5845.01733333333,1197.09788888889,0.52035311899845,0.0750410663167694,0.0356235613102259,,
rf_37,2016,Autumn,2016-04-19T06:30:00Z,16.4343333333333,3066.02866666667,113.427333333333,,4941.298,842.521777777777,0.620490540474723,0.00332591423009365,0.0229549671631488,,
rf_37,2016,Spring,2016-09-06T06:30:00Z,13.3103333333333,3074.583,99.5876666666666,,4331.43833333333,798.357444444444,0.709829567776371,0.00307295921331751,0.0229918237321475,,
rf_37,2016,Summer,2016-01-04T07:00:00Z,182.648333333333,2813.287,325.985,,4435.61633333333,684.620555555554,0.63424940044033,0.0411776672298603,0.073492605199022,,
rf_37,2016,Winter,2016-06-21T07:00:00Z,622.413333333334,3084.40133333333,78.8806666666666,,5066.85466666667,834.804777777777,0.608740833563806,0.122840178824944,0.0155679749777705,,
rf_37,2017,Autumn,2017-05-19T07:00:00Z,15.5513333333333,3110.22166666667,63.5393333333333,,4378.66733333333,821.140111111111,0.71031239185256,0.00355161334476045,0.0145111122851534,,
rf_37,2017,Spring,2017-09-28T07:00:00Z,317.310666666667,3090.25733333333,76.571,,4488.356,801.97988888889,0.688505397819008,0.0706964123760831,0.0170599212718421,,
rf_37,2017,Summer,2017-02-19T08:00:00Z,17.774,3123.13433333333,163.403333333333,,3765.82666666667,368.208777777778,0.829335657155399,0.0047198136221529,0.0433910925268289,,
rf_37,2017,Winter,2017-06-25T06:30:00Z,523.966,2713.94,55.5916666666667,,4637.449,1092.5,0.585222608378011,0.112985824749771,0.0119875532144217,,
rf_37,2018,Autumn,2018-05-02T07:00:00Z,535.522,2921.113,169.174,,5168.737,1158.52544444444,0.565150248503648,0.103607902665583,0.0327302395149918,,
rf_37,2018,Summer,2018-01-12T06:00:00Z,16.1203333333333,3110.12533333333,66.7663333333333,,4408.15166666667,836.587555555554,0.705539547754519,0.00365693709116934,0.015146106210048,,
rf_37,2018,Winter,2018-06-19T06:30:00Z,624.881666666667,3040.93333333333,198.46,,4291.22933333333,563.582666666667,0.708639202690014,0.145618334078005,0.0462478195836345,,
rf_38,2015,Autumn,2015-05-30T08:00:00Z,1508.25766666667,2956.21,234.069666666667,,5252.98933333333,942.118555555555,0.562767181201206,0.287123687287138,0.0445593264736626,,
rf_38,2015,Spring,2015-11-12T06:00:00Z,1194.56766666667,2910.229,99.965,,6116.92966666667,1198.81244444445,0.475766300838618,0.195288769327575,0.0163423490946357,,
rf_38,2015,Summer,2015-12-20T07:00:00Z,0,2994.6395,231.587,,4060.3875,630.336666666667,0.737525544052138,0,0.0570356893276812,,
rf_38,2015,Winter,2015-06-16T06:30:00Z,1401.99233333333,2934.74566666667,388.488333333333,,5679.483,1222.25022222222,0.516727608246502,0.246852104906966,0.0684020593658495,,
rf_38,2016,Spring,2016-10-24T04:00:00Z,0,2988.482,55.023,,3185.377,103.716111111111,0.938187850292132,0,0.0172736225570788,,
rf_38,2016,Summer,2016-12-28T04:30:00Z,0,1264.83333333333,0,,1604.814,195.283888888889,0.788149488559628,0,0,,
rf_38,2016,Winter,2016-06-08T07:00:00Z,1215.69666666667,2784.56233333333,189.031,,5555.713,1353.50622222222,0.501207015793172,0.21881919866391,0.0340246157423899,,
rf_38,2017,Autumn,2017-03-08T05:00:00Z,0,2971.33166666667,175.874666666667,,6003.415,1556.56322222222,0.4949402409573,0,0.0292957702685333,,
rf_38,2017,Summer,2017-02-07T05:30:00Z,0,2996.959,158.533333333333,,3804.69566666667,480.573888888889,0.787700058708155,0,0.0416678092606092,,
rf_38,2017,Winter,2017-07-05T07:00:00Z,1589.32766666667,2938.54433333333,354.169,,6621.276,1315.06355555556,0.4438033293482,0.240033441691099,0.0534895388743801,,
rf_39,2015,Autumn,2015-04-18T06:30:00Z,,0,564.935,796.907333333333,7357.78,3740.3785,0,,0.0767806322015608,0.108308121924457,
rf_39,2015,Spring,2015-09-21T07:30:00Z,,3220.297,891.934,1407.65533333333,10760.5546666667,4297.9125,0.299268680821409,,0.0828892215717254,0.130816242929732,
rf_39,2015,Summer,2015-12-16T06:30:00Z,,2399.318,505.101666666667,1471.16666666667,5279.383,1700.8185,0.454469395381998,,0.0956743745749583,0.278662613920352,
rf_39,2015,Winter,2015-07-06T07:30:00Z,,3194.59666666667,603.354666666667,274.114333333333,9351.329,3642.0135,0.341619535219718,,0.0645207399575683,0.0293128744944524,
rf_39,2016,Autumn,2016-05-09T07:30:00Z,,3242.50466666667,971.106666666667,779.076333333334,7636.03066666667,2266.64083333333,0.42463222166211,,0.127174275360864,0.102026349466381,
rf_39,2016,Spring,2016-09-21T07:00:00Z,,1314.49766666667,663.712,1193.24033333333,7917.048,3752.787,0.166033812939706,,0.0838332671470477,0.15071783489671,
rf_39,2016,Summer,2016-01-13T06:30:00Z,,1690.49066666667,363.539333333333,1161.38933333333,6369.33533333333,2794.2445,0.265410844020041,,0.0570764945332339,0.182340742409228,
rf_39,2016,Winter,2016-06-11T07:30:00Z,,3242.19033333333,400.921666666666,758.443333333333,8855.01333333333,2849.65016666667,0.366141778819079,,0.0452762352324709,0.0856512920740944,
rf_39,2017,Autumn,2017-05-26T06:00:00Z,,1850.05333333333,973.531333333334,918.406,9210.93833333333,4409.7495,0.200853948466705,,0.105692959620654,0.0997081911488207,
rf_39,2017,Spring,2017-10-10T07:00:00Z,,3028.32166666667,594.203,1316.47433333333,9342.32066666667,3267.59066666667,0.324150901549729,,0.0636033616486867,0.140915130223532,
rf_39,2017,Summer,2017-01-11T07:30:00Z,,2596.02033333333,276.785666666667,926.662,6533.01533333333,2188.16133333333,0.397369392367363,,0.0423672152205776,0.141842924395402,
rf_39,2017,Winter,2017-08-31T06:30:00Z,,2608.798,894.523,174.624,10661.118,4403.91933333333,0.244702103475452,,0.0839051776746116,0.0163795204217794,
rf_39,2018,Autumn,2018-04-22T07:00:00Z,,1755.177,667.362,1072.37533333333,9700.1,4080.77866666667,0.180944217069927,,0.068799496912403,0.110553018353762,
rf_39,2018,Winter,2018-07-07T06:30:00Z,,2653.02033333333,730.094,933.892666666666,10078.3816666667,3793.8245,0.263238724338844,,0.0724415907381953,0.0926629589505851,
rf_40,2015,Autumn,2015-04-18T07:00:00Z,,1577.38066666667,524.715666666667,,6285.865,2119.77191666667,0.250940907363851,,0.0834754909096309,,
rf_40,2015,Spring,2015-10-26T04:30:00Z,,1804.74733333333,396.616666666667,,7006.632,2168.249,0.257577011798726,,0.0566058937684564,,
rf_40,2015,Winter,2015-07-09T05:30:00Z,,1611.356,356.259666666666,,5940.242,1984.32683333333,0.271261002497878,,0.0599739314773146,,
rf_41,2015,Autumn,2015-05-29T06:00:00Z,175.150333333333,,1280.91433333333,2443.11733333333,5048.54533333333,1861.34288888889,,0.0346932278050258,0.25371948725032,0.483925006516728,
rf_41,2015,Spring,2015-09-11T09:00:00Z,1450.47966666667,,522.978,0,4075.91833333333,1776.67533333333,,0.355865733325538,0.128309244010859,0,
rf_41,2015,Winter,2015-08-23T09:00:00Z,19.655,,474.436,0,5256.616,3191.791,,0.00373909754868912,0.0902550233838652,0,
rf_41,2016,Autumn,2016-05-31T05:00:00Z,0,,1056.661,1524.77133333333,5151.63433333333,2552.42177777778,,0,0.205111801736963,0.295978175987257,
rf_41,2016,Spring,2016-10-31T04:00:00Z,0,,805.187,629.653666666667,4090.93566666667,2221.10988888889,,0,0.196822210273493,0.153914340867578,
rf_41,2016,Summer,2016-12-12T08:00:00Z,0,,50.592,0,2417.04866666667,1569.99722222222,,0,0.0209313120988048,0,
rf_41,2016,Winter,2016-08-18T06:30:00Z,142.763333333333,,1390.254,1113.948,5792.25033333333,2729.29788888889,,0.0246473002922122,0.240019667658241,0.192316964201191,
rf_41,2017,Autumn,2017-05-19T06:00:00Z,0,,1232.03466666667,1638.97466666667,4765.40066666667,1971.18433333333,,0,0.258537477296418,0.343932185625246,
rf_41,2017,Spring,2017-09-30T07:30:00Z,4.759,,129.154,0,4355.16766666667,2838.64711111111,,0.00109272486485978,0.0296553450716746,0,
rf_41,2017,Summer,2017-12-19T05:00:00Z,0,,78.568,1369.037,3503.75733333333,1824.36988888889,,0,0.0224239273800545,0.390733966355357,
rf_41,2017,Winter,2017-07-12T05:00:00Z,1679.183,,1620.896,0,5609.36666666667,2624.06155555556,,0.299353402939131,0.288962390287673,0,
rf_41,2018,Autumn,2018-05-29T05:00:00Z,0,,1009.08566666667,1905.68733333333,7339.87566666667,3053.25766666667,,0,0.137479940055297,0.259634824876915,
rf_41,2018,Summer,2018-02-20T04:00:00Z,0,,0,2090.53433333333,4176.321,1511.46855555556,,0,0,0.500568402987541,
rf_41,2018,Winter,2018-06-07T07:00:00Z,231.985,,1241.66133333333,0,6816.86833333333,3181.57366666667,,0.0340310225541005,0.182145418191784,0,
rf_42,2015,Autumn,2015-05-29T07:30:00Z,713.335333333333,2995.38733333333,1962.41866666667,,7220.84766666667,2861.61933333334,0.414824889210837,0.0987883093873142,0.271771232029407,,
rf_42,2015,Spring,2015-09-29T04:00:00Z,15.7303333333333,3014.48866666667,2120.33833333333,,8061.90033333333,3208.06755555556,0.373917878171074,0.00195119422008897,0.263007262018165,,
rf_42,2015,Summer,2015-12-20T05:30:00Z,0,3008.989,895.311,,6462.97033333333,2638.26766666666,0.465573698285582,0,0.13852933772299,,
rf_42,2015,Winter,2015-06-26T07:00:00Z,370.533333333333,2992.01433333333,1909.808,,7815.51933333333,3093.64677777778,0.382829880616165,0.0474099439243918,0.244360984669904,,
rf_42,2016,Autumn,2016-05-31T06:30:00Z,0,3001.874,2528.717,,7237.379,2881.278,0.41477363559377,0,0.34939679129696,,
rf_42,2016,Spring,2016-09-14T05:00:00Z,386.091333333333,2237.484,1771.293,,6319.30033333333,2312.05744444444,0.354071476583827,0.0610971647124858,0.280298910728567,,
rf_42,2016,Summer,2016-12-08T07:00:00Z,0,2695.72266666667,1458.39133333333,,6025.40566666667,2561.70322222222,0.447392726033329,0,0.242040356120973,,
rf_42,2016,Winter,2016-08-08T05:00:00Z,1605.482,3003.46766666667,1381.27333333333,,8594.636,3078.13933333333,0.34945839086922,0.186800464848075,0.160713418617534,,
rf_42,2017,Summer,2017-01-19T06:30:00Z,0,2700.05366666667,664.149333333333,,5209.626,2288.94466666667,0.518281670635602,0,0.127485031235128,,
rf_44,2015,Autumn,2015-05-19T05:30:00Z,1625.83166666667,3176.471,1322.23133333333,,9833.222,2869.04155555556,0.323034606561308,0.165340685552169,0.134465725815336,,
rf_44,2015,Spring,2015-09-20T05:00:00Z,1676.66366666667,3201.56966666667,840.139333333333,,7724.742,1623.15433333333,0.414456517339566,0.217051089430129,0.108759533112346,,
rf_44,2015,Summer,2015-12-23T05:00:00Z,0,3232.83166666667,401.084,,5383.22333333333,722.097333333335,0.600538277252725,0,0.0745062902214102,,
rf_44,2015,Winter,2015-06-21T06:00:00Z,1628.25866666667,3051.81733333333,827.523,,9524.93466666667,2791.54444444444,0.320402967593408,0.170946964325635,0.0868796510380263,,
rf_44,2016,Autumn,2016-04-10T07:00:00Z,0,3226.92433333333,955.120666666667,,6940.87633333334,1604.18033333333,0.464915981550648,0,0.137608080132437,,
rf_44,2016,Spring,2016-09-07T05:30:00Z,0.487666666666667,3206.28033333333,578.919666666667,,7709.11233333333,1997.94144444444,0.415907849658609,6.32584719978786e-05,0.0750955027809731,,
rf_44,2016,Summer,2016-01-01T04:30:00Z,0,3252.09966666667,470.273,,5816.055,921.408444444443,0.559159029044029,0,0.080857729165216,,
rf_44,2016,Winter,2016-08-07T06:00:00Z,1404.901,3171.436,756.513000000001,,9132.98,2742.44988888889,0.34725095204413,0.15382722835263,0.0828330950029455,,
rf_44,2017,Autumn,2017-05-05T06:00:00Z,798.109666666667,2154.11,905.653,,7170.39633333333,2060.028,0.300417145700315,0.111306213710456,0.126304454858353,,
rf_44,2017,Spring,2017-09-27T05:00:00Z,1.11666666666667,3229.70666666667,464.355333333333,,6743.25733333333,1530.73211111111,0.478953494878737,0.000165597516373393,0.0688621700729005,,
rf_44,2017,Summer,2017-12-04T05:30:00Z,0,3219.047,258.588333333333,,5527.04266666667,875.49988888889,0.582417613566459,0,0.0467860208304284,,
rf_44,2017,Winter,2017-07-31T05:30:00Z,1548.14766666667,3220.42866666667,1085.27033333333,,9700.332,2934.74477777778,0.33199159231526,0.159597389725081,0.111879710233972,,
rf_44,2018,Autumn,2018-05-25T06:00:00Z,1407.17933333333,3238.55233333333,473.085333333333,,6644.241,1175.06122222222,0.487422466062464,0.211789327529409,0.0712023139036247,,
rf_44,2018,Summer,2018-02-15T06:30:00Z,0,3220.38966666667,231.803666666667,,5605.832,810.19311111111,0.574471312495036,0,0.0413504483663918,,
rf_44,2018,Winter,2018-07-17T07:00:00Z,893.371666666666,3230.20766666667,624.833,,7711.339,1650.426,0.41889063192095,0.115851691472346,0.0810278214976673,,
rf_45,2015,Autumn,2015-03-27T04:30:00Z,1515.22966666667,2811.935,0,,5775.65366666667,1101.23077777778,0.486860044297439,0.26234773657077,0,,
rf_45,2015,Spring,2015-11-27T04:00:00Z,1767.76533333333,2900.03833333333,0,,5760.92366666667,969.946222222221,0.503398152992942,0.306854496885944,0,,
rf_45,2015,Summer,2015-12-01T04:30:00Z,0,2396.21933333333,169.061333333333,,5048.79033333333,1025.62144444444,0.4746125656106,0,0.0334855128003929,,
rf_45,2015,Winter,2015-06-01T05:00:00Z,291.550666666667,2908.055,689.902666666667,,7298.49133333333,1937.83088888889,0.398446044145927,0.0399467031405669,0.0945267501402346,,
rf_45,2016,Autumn,2016-04-09T05:00:00Z,0,2483.13033333333,437.246333333334,,5796.897,1345.21133333333,0.428355089513119,0,0.0754276526447398,,
rf_45,2016,Spring,2016-09-07T05:00:00Z,0,2587.00366666667,472.110666666667,,5981.451,1314.13266666667,0.432504365022245,0,0.078929120487097,,
rf_45,2016,Summer,2016-01-26T04:30:00Z,983.581,2403.01966666667,0,,5630.729,1235.08688888889,0.426768836977711,0.174680933854213,0,,
rf_45,2016,Winter,2016-07-13T07:00:00Z,539.019,2873.364,1330.29066666667,,7034.25,1963.01444444444,0.408481927710843,0.076627785478196,0.189116205233915,,
rf_47,2015,Autumn,2015-05-27T06:00:00Z,,,72.462,2473.25533333333,4490.43533333333,1561.13825,,,0.0161369654879787,0.550782975310634,
rf_47,2015,Spring,2015-09-21T06:30:00Z,,,94.6946666666667,2285.72533333333,6192.58166666667,2480.43666666667,,,0.0152916298506627,0.369107014871826,
rf_47,2015,Summer,2015-12-01T06:00:00Z,,,54.974,1174.79633333333,2671.62566666667,961.509083333334,,,0.0205769845251524,0.439730890442858,
rf_47,2015,Winter,2015-07-08T07:30:00Z,,,95.995,2164.14633333333,4736.82333333333,1759.92983333333,,,0.0202656914232957,0.456877147624251,
rf_47,2016,Autumn,2016-04-10T06:30:00Z,,,75.2643333333333,1192.48,3616.257,1399.80325,,,0.02081277224858,0.329755324358861,
rf_47,2016,Summer,2016-01-18T07:30:00Z,,,51.0743333333334,2395.941,2920.203,826.542833333333,,,0.0174899941316865,0.82047070015338,
